i_init,infec_list_FB,infec_list_BA,early_deg_FB,early_deg_BA,speed_list_FB,speed_list_BA
0.0,0,0,0.0,0.0,0.0,0.0
0.0,0,0,0.0,0.0,0.0,0.0
0.0,0,0,0.0,0.0,0.0,0.0
0.0,0,0,0.0,0.0,0.0,0.0
0.0,0,0,0.0,0.0,0.0,0.0
0.0,0,0,0.0,0.0,0.0,0.0
0.0,0,0,0.0,0.0,0.0,0.0
0.0,0,0,0.0,0.0,0.0,0.0
0.0,0,0,0.0,0.0,0.0,0.0
0.0,0,0,0.0,0.0,0.0,0.0
0.0,0,0,0.0,0.0,0.0,0.0
0.0,0,0,0.0,0.0,0.0,0.0
0.0,0,0,0.0,0.0,0.0,0.0
0.0,0,0,0.0,0.0,0.0,0.0
0.0,0,0,0.0,0.0,0.0,0.0
0.0,0,0,0.0,0.0,0.0,0.0
0.0,0,0,0.0,0.0,0.0,0.0
0.0,0,0,0.0,0.0,0.0,0.0
0.0,0,0,0.0,0.0,0.0,0.0
0.0,0,0,0.0,0.0,0.0,0.0
0.0016,2922,4011,120.36503865088237,72.48868344508952,98.60714285714286,151.69230769230768
0.0016,1672,3998,44.18611111111111,65.74185944245801,51.607142857142854,151.30769230769232
0.0016,2772,3997,78.64775845805815,83.27325335828174,92.39285714285714,156.8
0.0016,2619,4013,59.695091171411015,70.5894525402134,89.78571428571429,151.42307692307693
0.0016,2750,4013,106.1857569010444,89.30017911274511,93.07142857142857,152.15384615384616
0.0016,2490,4005,82.08907700653569,67.0266423099422,82.46428571428571,151.92307692307693
0.0016,2704,4013,105.77547056243377,70.72836197928918,92.07142857142857,152.19230769230768
0.0016,2915,4016,115.45832780906532,70.57189519045497,99.0,157.92
0.0016,2866,3978,110.35164758030467,65.11623442944197,96.17857142857143,144.96296296296296
0.0016,1634,4001,145.35396007446693,64.8012399293653,52.107142857142854,150.53846153846155
0.0016,1775,4014,38.68013708513708,89.5381344687517,50.07142857142857,157.88
0.0016,2798,3997,70.63231509585844,84.37285490548156,96.42857142857143,151.5
0.0016,2595,3996,72.86514230419255,89.40586737690862,89.28571428571429,156.88
0.0016,2455,4013,123.71621256475764,82.04931858832406,81.10714285714286,158.36
0.0016,2212,4008,95.86830077803903,77.04238312126469,71.71428571428571,151.42307692307693
0.0016,2334,3980,119.22886941493498,67.57626370083815,76.39285714285714,144.2962962962963
0.0016,2788,4013,78.9070247007894,78.06283660411944,94.25,152.07692307692307
0.0016,2804,3992,119.74580529916815,59.061779232211975,96.42857142857143,145.77777777777777
0.0016,2730,3996,72.92907310529846,73.92462649102339,91.42857142857143,151.1153846153846
0.0016,2166,4012,110.08132211610094,73.31123572980388,71.14285714285714,151.76923076923077
0.0032,2990,4024,103.21210008564424,67.78291694014217,103.0,158.0
0.0032,2711,4014,116.23018298762672,66.64190778573712,91.32142857142857,151.73076923076923
0.0032,2779,4021,62.007196142859904,71.29600370434301,95.0,158.48
0.0032,2949,4016,114.31625483701116,79.43337661848753,101.0,158.16
0.0032,2999,4006,103.10545287817438,77.69072699379876,103.07142857142857,151.73076923076923
0.0032,2753,4020,107.49173818957965,70.2963405556339,91.03571428571429,158.16
0.0032,3065,4011,116.59835223821457,84.05791014846447,105.17857142857143,151.92307692307693
0.0032,3120,4014,104.59737887285083,66.66012289992157,106.96428571428571,157.72
0.0032,3218,4017,96.14222276986243,79.1332041793117,110.57142857142857,157.64
0.0032,2910,4021,68.06062538174868,80.39738477675407,99.71428571428571,158.6
0.0032,2761,4012,64.06410409986034,69.29083437713332,93.35714285714286,157.36
0.0032,2940,4016,107.50143993003265,72.70019862937264,101.60714285714286,152.26923076923077
0.0032,3067,4017,105.55412243874866,71.23639748387758,104.89285714285714,158.12
0.0032,3005,4023,107.44580427033574,67.8214257036623,102.92857142857143,158.44
0.0032,2997,4024,101.89406567562732,78.81730296805289,103.67857142857143,158.64
0.0032,3076,4022,88.33521468852828,68.19416637322759,105.17857142857143,158.44
0.0032,3191,3993,105.55574165604199,62.56568240304252,109.03571428571429,145.37037037037038
0.0032,3046,4017,93.00284921791238,76.74656448105456,104.82142857142857,164.08333333333334
0.0032,3178,4012,90.4948478953024,66.41102651171198,109.39285714285714,151.69230769230768
0.0032,2845,4001,99.42400153875619,73.03559561397253,98.21428571428571,157.0
0.0047,3253,4017,92.52176011778015,70.93485321372762,111.64285714285714,158.12
0.0047,3104,4030,97.76355112479627,67.89509298638032,106.71428571428571,165.0
0.0047,3053,4023,106.13680383743403,68.81102264829279,103.46428571428571,164.20833333333334
0.0047,3200,4011,100.86981877627225,69.19054676075612,110.10714285714286,163.75
0.0047,3080,4024,75.01488474365502,73.01148142086893,105.25,157.96
0.0047,3062,4008,83.10533695247366,73.92623791090129,104.82142857142857,157.52
0.0047,3089,4011,104.36933605370123,68.59636931256851,106.92857142857143,157.28
0.0047,3303,4004,102.75953509019277,67.6531936500683,114.46428571428571,150.76923076923077
0.0047,3093,4019,99.48989050920959,74.38426500993876,105.64285714285714,157.84
0.0047,2911,4013,105.55014237895098,69.67302829810824,99.21428571428571,157.28
0.0047,3192,4022,91.8404973608829,76.85518427752069,110.03571428571429,158.48
0.0047,3110,4021,87.79112169612557,76.05618995479531,107.0,158.08
0.0047,2850,4016,90.27258188640175,71.92807746155918,98.21428571428571,157.36
0.0047,3005,4011,96.66285661009967,69.87525466750566,103.17857142857143,156.8
0.0047,2929,4017,97.12490394080315,70.27435649408082,99.25,152.07692307692307
0.0047,2856,4022,109.98665428778546,67.84142057814879,93.89285714285714,158.12
0.0047,3101,4013,110.48688395494767,65.76841781727599,106.96428571428571,157.76
0.0047,3181,4018,112.52973134597707,73.14832629096705,110.10714285714286,158.16
0.0047,2903,4017,61.84371949782417,64.21180157047283,98.60714285714286,151.84615384615384
0.0047,3080,4020,99.16852923584742,69.23685531784948,106.10714285714286,157.8
0.0063,3266,4003,91.38804983723298,73.07842141404059,112.0,156.52
0.0063,2860,4025,90.87243437339356,68.4712621470311,97.21428571428571,164.83333333333334
0.0063,3146,4010,95.39140755117867,68.69216503790062,107.96428571428571,157.6
0.0063,3200,4014,90.78339320670638,63.58811504766892,109.92857142857143,157.32
0.0063,3153,4026,115.16780029815895,70.59710397564554,108.21428571428571,171.30434782608697
0.0063,2838,4014,105.96773557696604,66.76697972777626,97.0,170.43478260869566
0.0063,3125,4029,101.72058064442211,66.85259618749795,107.10714285714286,164.25
0.0063,3125,4018,105.2506457485789,73.4117313202004,106.64285714285714,163.66666666666666
0.0063,2974,4014,104.3872749807758,72.0997093721769,102.07142857142857,151.69230769230768
0.0063,3031,4021,91.51488617287765,64.84250800699179,103.92857142857143,157.92
0.0063,3007,4020,110.29675602406314,65.56391406080716,102.28571428571429,163.91666666666666
0.0063,3019,4022,102.06437740819868,68.76371768981126,102.60714285714286,157.96
0.0063,2916,4024,98.06018039319093,65.19061069826998,99.60714285714286,171.2173913043478
0.0063,3061,4013,95.28064125868916,68.17920566226101,104.75,157.08
0.0063,3240,4020,96.38912254538886,63.33418759880819,111.92857142857143,163.83333333333334
0.0063,3198,4021,97.7999941660361,71.17659844611455,108.75,164.20833333333334
0.0063,3095,4024,91.7154672776413,70.33251597780598,106.25,158.16
0.0063,3213,4024,103.19262728881606,65.92944314227012,110.28571428571429,164.08333333333334
0.0063,3368,4025,92.20062030084861,66.07826523534344,116.07142857142857,152.23076923076923
0.0063,3124,4024,101.16452858327861,65.97600503414787,106.57142857142857,164.54166666666666
0.0079,3272,4020,89.04515385363112,66.02075254326817,112.82142857142857,157.44
0.0079,3050,4024,92.8875095457697,62.43609014786259,103.53571428571429,157.68
0.0079,3184,4020,87.75562890445663,65.46682055430378,112.11111111111111,157.64
0.0079,3261,4023,90.2639083333,65.00268934454411,112.32142857142857,157.36
0.0079,3325,4027,92.0360717447908,65.8815208803929,114.71428571428571,158.0
0.0079,3268,4025,96.08080115943723,64.43924201788167,112.03571428571429,164.16666666666666
0.0079,3331,4027,82.59371789847201,68.01314069420073,114.78571428571429,157.68
0.0079,3264,4028,100.81410513204038,67.13850918126833,111.85714285714286,157.96
0.0079,3203,4028,95.55553415810923,67.14973679760442,109.28571428571429,164.20833333333334
0.0079,3355,4023,91.31696121596794,67.36202846771191,116.07142857142857,163.95833333333334
0.0079,3144,4016,90.73063815524368,65.24939705146282,107.60714285714286,157.0
0.0079,2977,4022,94.52082077483809,67.08757445472342,101.64285714285714,163.66666666666666
0.0079,3130,4019,96.24535689727276,73.78223085458379,107.71428571428571,157.6
0.0079,3080,4021,90.8093601252534,68.55812640506423,105.85714285714286,164.20833333333334
0.0079,3323,4019,83.96632167242173,70.42932364559822,114.25,164.125
0.0079,3124,4022,89.0745058911235,68.37801451359492,106.60714285714286,164.0
0.0079,3203,4020,90.00083340242085,64.9649248960206,110.10714285714286,163.875
0.0079,3114,4019,76.65148291010931,64.80646192694374,106.67857142857143,164.5
0.0079,2965,4013,93.61110017119609,63.64944235466693,102.28571428571429,163.375
0.0079,3205,4023,92.66271316427083,71.81252229684279,110.28571428571429,171.2173913043478
0.0095,3369,4026,98.19665052230422,64.20996020631337,116.03571428571429,163.95833333333334
0.0095,3214,4025,88.3763318035485,64.43892819500017,110.10714285714286,157.56
0.0095,3137,4026,94.39140256868876,62.877307228727446,107.25,164.20833333333334
0.0095,3183,4032,89.63637431147133,67.4342783597315,109.60714285714286,164.29166666666666
0.0095,3249,4026,87.8968844204488,61.920774949185684,110.60714285714286,171.17391304347825
0.0095,3267,4025,91.05610687812101,65.69688314710204,111.92857142857143,170.7826086956522
0.0095,3289,4028,86.55912004905045,62.40975571561944,113.57142857142857,164.04166666666666
0.0095,3246,4027,90.39066500079801,63.85996734671907,111.39285714285714,170.91304347826087
0.0095,3329,4007,98.94190054485564,65.41378736640699,115.0,151.03846153846155
0.0095,3167,4031,91.12923159915451,64.8772572779987,111.51851851851852,171.43478260869566
0.0095,3222,4026,89.61150986637271,63.27546482497721,110.67857142857143,164.0
0.0095,3224,4029,99.06569592819574,63.32545600453138,111.25,164.54166666666666
0.0095,3358,4029,94.0941153261583,62.411975216226644,114.89285714285714,164.04166666666666
0.0095,3060,4025,94.16092745361273,70.2209194616987,104.35714285714286,171.08695652173913
0.0095,3260,4020,92.87171320817309,67.51493940039624,111.78571428571429,163.54166666666666
0.0095,3298,4021,88.63597926745948,63.46315005074058,114.0,164.0
0.0095,3347,4026,85.12365470741607,63.798947141133716,115.39285714285714,157.92
0.0095,3116,4023,93.15047409988672,70.7287393481187,107.03571428571429,163.625
0.0095,3380,4029,90.83739641207583,63.79535258321098,116.42857142857143,164.08333333333334
0.0095,3330,4016,93.35094213967557,62.671977333397265,114.35714285714286,157.56
0.0111,3203,4015,85.25866469874858,63.04169405993805,109.14285714285714,156.96
0.0111,3251,4026,85.78693489648201,64.97947533551856,110.92857142857143,163.875
0.0111,3237,4024,95.17041728415447,71.3505384053988,110.85714285714286,164.0
0.0111,3354,4029,88.93701981209091,63.098467354220915,115.82142857142857,164.20833333333334
0.0111,3331,4019,86.6875058381604,64.92413194045602,114.75,163.75
0.0111,3304,4022,91.40164265378985,66.72109741320926,113.89285714285714,157.24
0.0111,3244,4023,87.21411795061412,61.14319008410554,111.57142857142857,170.30434782608697
0.0111,3024,4026,88.82000614990547,64.8301175621562,104.39285714285714,164.20833333333334
0.0111,3163,4022,95.77645161967038,62.57255065538567,108.35714285714286,163.5
0.0111,3312,4025,89.17317816394205,66.69100593036016,113.92857142857143,163.45833333333334
0.0111,3391,4024,82.48927934915729,60.57185227266932,116.67857142857143,170.65217391304347
0.0111,3121,4023,96.75212415036162,66.4302292759087,106.57142857142857,163.91666666666666
0.0111,3330,4026,85.99281753386246,65.12422710134682,114.85714285714286,170.43478260869566
0.0111,3351,4022,84.39888518393778,65.340413043693,115.14285714285714,163.625
0.0111,3371,4027,87.5202790899215,64.34537104282184,116.0,164.25
0.0111,3294,4023,88.45584657135477,67.72587714875552,113.5,170.52173913043478
0.0111,3248,4021,93.92552007356286,62.01703103642725,111.25,170.2173913043478
0.0111,3296,4028,88.3853865998636,64.89660377964566,113.21428571428571,164.29166666666666
0.0111,3223,4027,91.73450533471984,64.73323505725892,111.21428571428571,164.08333333333334
0.0111,3163,4024,92.19156535872466,65.96911026679281,109.17857142857143,163.70833333333334
0.0126,3319,4025,91.66351552956978,67.9243888292061,113.82142857142857,170.56521739130434
0.0126,3254,4027,90.34480901856502,63.51165020101827,115.03703703703704,163.66666666666666
0.0126,3423,4033,89.87473313594916,64.4357857261361,118.03571428571429,164.0
0.0126,3362,4024,83.95917202808462,66.2793945657481,115.57142857142857,163.41666666666666
0.0126,3379,4030,86.18623802697256,63.587248793493494,116.14285714285714,163.66666666666666
0.0126,3341,4026,92.27910670515668,64.02678972981471,114.78571428571429,170.34782608695653
0.0126,3413,4018,87.69958835632379,65.15357917910164,117.35714285714286,156.56
0.0126,3371,4028,87.68490509182816,62.93751329227234,115.64285714285714,170.56521739130434
0.0126,3401,4016,82.23040133037398,60.90021219802194,120.22222222222223,163.375
0.0126,3293,4030,91.95008945830807,60.664551984513835,113.0,157.56
0.0126,3258,4023,87.55916263563492,63.37987736512987,114.88888888888889,163.54166666666666
0.0126,3326,4023,92.6314819452542,65.06659571062013,114.21428571428571,170.1304347826087
0.0126,3362,4026,82.45891799483783,63.88412480834124,115.32142857142857,157.68
0.0126,3287,4029,95.59862579401539,64.93562759269705,112.0,157.52
0.0126,3312,4027,87.108602339476,65.43178929987485,113.35714285714286,170.43478260869566
0.0126,3100,4026,93.61829699497848,63.42738809142254,106.07142857142857,157.32
0.0126,3302,4024,89.26992742729887,60.63260694321654,113.5,163.5
0.0126,3279,4025,88.80024318463914,65.46530694549753,115.77777777777777,163.04166666666666
0.0126,3368,4024,92.99702537096343,62.447849669736875,115.35714285714286,170.17391304347825
0.0126,3391,4033,88.44016244063502,61.101575838594,116.85714285714286,170.65217391304347
0.0142,3446,4028,89.32935632331854,63.16493592340508,118.89285714285714,163.70833333333334
0.0142,3394,4032,87.65731497332268,61.24453363930909,119.33333333333333,170.82608695652175
0.0142,3378,4024,85.34128763948601,62.9263065700811,118.92592592592592,156.64
0.0142,3422,4025,80.86687517168608,61.95019189908972,121.33333333333333,169.7826086956522
0.0142,3420,4033,89.10406236086752,63.272176286203795,120.29629629629629,157.32
0.0142,3424,4023,79.27104070679688,63.127154664376825,117.21428571428571,163.08333333333334
0.0142,3175,4032,83.4311643736602,60.64087833927458,108.32142857142857,163.625
0.0142,3366,4028,77.24224184880609,58.793590617417706,115.60714285714286,163.54166666666666
0.0142,3388,4025,77.8204804601745,62.883574119964294,120.22222222222223,163.54166666666666
0.0142,3382,4023,83.67077449889702,62.5698012808117,116.14285714285714,170.1304347826087
0.0142,3378,4029,88.08763815182286,64.30202365008516,115.32142857142857,163.29166666666666
0.0142,3383,4029,87.3917215145334,65.29970604519707,116.03571428571429,170.30434782608697
0.0142,3374,4028,95.72189123054443,62.73421881492512,115.53571428571429,177.72727272727272
0.0142,3369,4031,85.55031072991044,63.42587321267003,115.53571428571429,170.65217391304347
0.0142,3326,4023,82.10496414040787,60.20086355672059,113.92857142857143,163.29166666666666
0.0142,3402,4025,81.02906678931382,58.753668568051765,117.10714285714286,163.5
0.0142,3332,4026,91.07536397218014,65.23897610985667,114.28571428571429,156.92
0.0142,3280,4029,85.61074929327248,62.35439306744492,112.42857142857143,170.2173913043478
0.0142,3305,4018,89.22557627550029,63.78579713104612,113.71428571428571,162.83333333333334
0.0142,3319,4029,78.21506846450687,64.14163924736987,113.39285714285714,157.12
0.0158,3334,4024,86.16261665166459,64.05705598549758,114.14285714285714,169.52173913043478
0.0158,3315,4026,86.90496837511942,63.98780365208415,113.39285714285714,162.95833333333334
0.0158,3401,4031,87.56316450061739,63.485632357663555,116.92857142857143,170.34782608695653
0.0158,3372,4025,83.93392250770583,63.96793300767333,114.78571428571429,170.0
0.0158,3421,4023,85.64245712330467,63.260246399337575,117.14285714285714,162.95833333333334
0.0158,3454,4025,82.74611876874403,63.77986168955763,118.25,162.91666666666666
0.0158,3452,4023,83.03404262756155,64.70038031564931,118.75,156.72
0.0158,3430,4025,81.68695906356932,59.41456986942374,121.33333333333333,170.08695652173913
0.0158,3358,4027,86.65335584873397,63.733408650157855,114.64285714285714,163.25
0.0158,3434,4023,78.1105098818629,60.84326667703359,121.11111111111111,170.08695652173913
0.0158,3170,4027,87.73704235693071,61.426316954502,108.17857142857143,169.82608695652175
0.0158,3390,4028,89.22340485250739,59.999876630206664,115.96428571428571,170.34782608695653
0.0158,3450,4028,83.83315800845682,64.3113411760855,121.77777777777777,163.375
0.0158,3446,4033,91.37798249546444,63.24733154482904,118.42857142857143,170.17391304347825
0.0158,3395,4028,81.9287264523654,63.14422726658669,116.35714285714286,162.79166666666666
0.0158,3453,4031,83.70265233896187,64.6956577188875,118.25,163.625
0.0158,3365,4032,87.59233563937468,61.86283356156186,114.96428571428571,170.43478260869566
0.0158,3375,4031,91.89411106359532,62.99182756809893,115.53571428571429,163.58333333333334
0.0158,3397,4025,85.29317666507566,62.669750547873704,115.92857142857143,162.70833333333334
0.0158,3388,4032,82.23822298058546,64.25618201525668,115.92857142857143,170.04347826086956
0.0174,3304,4030,83.59365574948835,63.43548666072222,117.14814814814815,163.29166666666666
0.0174,3410,4024,83.52983697407504,62.856409247485566,116.35714285714286,169.52173913043478
0.0174,3363,4027,80.80780181046555,61.091037724535795,114.53571428571429,185.0952380952381
0.0174,3376,4023,83.53448569396645,62.10222516086475,115.07142857142857,162.83333333333334
0.0174,3443,4025,84.06398388978002,61.686678532101055,118.42857142857143,169.7391304347826
0.0174,3365,4024,87.50677558786235,60.47181065339593,115.39285714285714,163.04166666666666
0.0174,3464,4023,78.42403934004548,59.960623144686835,118.85714285714286,170.04347826086956
0.0174,3410,4025,82.39448444025126,60.918736914729855,116.78571428571429,169.52173913043478
0.0174,3437,4032,82.81694384464996,63.04803621617087,118.14285714285714,163.625
0.0174,3422,4026,83.6517243390571,61.98433710618589,117.17857142857143,162.58333333333334
0.0174,3385,4025,85.57268526658318,60.63349108738131,116.0,162.91666666666666
0.0174,3435,4029,83.29174978012371,61.235247567595536,117.64285714285714,170.2608695652174
0.0174,3380,4032,84.9707812566784,62.456509961901624,115.85714285714286,170.30434782608697
0.0174,3371,4031,80.30924367251912,62.82040192393488,114.60714285714286,170.2608695652174
0.0174,3393,4029,84.44405941757192,58.797491401562034,116.07142857142857,177.4090909090909
0.0174,3337,4021,81.55966498003701,59.97906947130589,117.70370370370371,162.95833333333334
0.0174,3378,4031,85.51717056372021,61.97111899333413,118.92592592592592,169.65217391304347
0.0174,3347,4024,80.56452069500503,57.54245286774149,114.75,163.0
0.0174,3485,4029,82.31943491168684,60.90537264714523,119.5,169.6086956521739
0.0174,3407,4029,81.11933513978384,62.56180540054362,116.96428571428571,170.1304347826087
0.0189,3418,4028,80.9420376240673,61.45819427423429,119.22222222222223,163.0
0.0189,3373,4011,82.89953360761538,61.03308404114133,115.07142857142857,169.08695652173913
0.0189,3379,4027,82.43999805956284,57.9906005298089,115.89285714285714,169.43478260869566
0.0189,3434,4033,75.14041718007876,61.7368858469015,117.89285714285714,170.08695652173913
0.0189,3426,4025,84.80608932205557,62.29108014892554,120.85185185185185,162.75
0.0189,3438,4024,79.87801864203082,58.88026078044364,121.44444444444444,162.625
0.0189,3335,4033,84.86478300864192,60.797870102131945,114.28571428571429,162.875
0.0189,3322,4030,80.94141344120771,59.767774299114265,113.42857142857143,169.8695652173913
0.0189,3316,4035,80.28705987812666,58.72520812276789,112.64285714285714,177.5
0.0189,3406,4034,84.58562973756922,62.9222698001674,116.35714285714286,170.04347826086956
0.0189,3327,4018,87.82079065653413,60.89052099551189,113.46428571428571,162.16666666666666
0.0189,3451,4035,82.10440750925781,59.616046960511085,121.74074074074075,170.0
0.0189,3446,4032,77.7975450497203,60.68561671252348,121.66666666666667,163.04166666666666
0.0189,3393,4031,81.46794536339453,58.88796089629659,119.0,177.27272727272728
0.0189,3433,4030,86.02347996833771,59.99979964345899,117.57142857142857,169.2173913043478
0.0189,3453,4026,80.98923927770893,61.29101045117611,121.33333333333333,169.43478260869566
0.0189,3419,4025,84.52715205516355,59.978408113501416,120.03703703703704,169.69565217391303
0.0189,3396,4031,77.51761382504984,61.58848451370734,115.75,163.08333333333334
0.0189,3420,4030,85.1082712966319,58.44216510124936,116.82142857142857,163.25
0.0189,3388,4023,83.21763039291382,60.313599880343794,119.07407407407408,169.56521739130434
0.0205,3445,4028,84.02453493973876,63.08088465787914,117.46428571428571,169.30434782608697
0.0205,3361,4022,84.60436626120931,59.14823125674707,114.42857142857143,162.25
0.0205,3385,4025,81.02727686241286,61.52132050114884,114.96428571428571,169.43478260869566
0.0205,3415,4025,72.6156218050926,60.434440982798364,116.46428571428571,169.2608695652174
0.0205,3267,4033,82.19603258188985,59.75950517424926,111.39285714285714,169.34782608695653
0.0205,3365,4021,83.02831469015676,58.90657866140916,114.46428571428571,169.2608695652174
0.0205,3356,4030,80.56333832000365,59.24158453547229,114.32142857142857,169.34782608695653
0.0205,3443,4032,83.1362091129505,64.19601401850457,117.5,169.56521739130434
0.0205,3386,4035,85.11250767990126,60.5898995736399,119.18518518518519,163.25
0.0205,3299,4030,84.84585396808984,59.92654688195303,112.21428571428571,162.5
0.0205,3368,4029,82.1061545314694,57.779852365267026,115.07142857142857,162.625
0.0205,3412,4025,83.79051282833501,60.100930809977584,116.42857142857143,169.2608695652174
0.0205,3449,4035,83.5076711092918,59.3780187479001,118.28571428571429,162.875
0.0205,3402,4019,81.76002796105902,59.9218316528521,116.0,162.16666666666666
0.0205,3443,4027,79.36703199643804,62.081873653465536,117.71428571428571,176.63636363636363
0.0205,3475,4036,78.72294160678156,59.4261731682844,118.46428571428571,177.5
0.0205,3390,4031,83.5221848556026,58.79277999882728,115.60714285714286,177.1818181818182
0.0205,3431,4033,77.07865933212652,62.37784098545601,120.29629629629629,169.56521739130434
0.0205,3355,4030,83.23718444860216,60.970947227911985,114.07142857142857,169.3913043478261
0.0205,3465,4024,77.12701357340516,62.274752554772775,118.78571428571429,162.54166666666666
0.0221,3410,4028,79.75954695712227,59.05606073297541,116.10714285714286,162.0
0.0221,3458,4023,78.05245073890998,59.68627373751796,117.96428571428571,176.04545454545453
0.0221,3379,4032,84.32007589772942,61.47199108113929,118.5925925925926,169.17391304347825
0.0221,3412,4029,78.93285712848947,59.36384294904938,119.48148148148148,169.56521739130434
0.0221,3477,4031,80.11096360779342,62.20782384060876,118.78571428571429,161.95833333333334
0.0221,3451,4026,78.07996366343653,56.99466460397385,121.51851851851852,169.2608695652174
0.0221,3483,4022,79.98764401205655,59.05138962993899,121.96296296296296,175.9090909090909
0.0221,3334,4025,79.0432467702131,60.44071921816093,113.10714285714286,168.3913043478261
0.0221,3447,4029,79.85491295370699,58.762936343339675,117.60714285714286,162.45833333333334
0.0221,3439,4029,79.0033027077989,61.43661685795015,120.22222222222223,176.4090909090909
0.0221,3508,4023,81.42207653972649,57.78971132033187,119.92857142857143,169.2173913043478
0.0221,3500,4032,77.82162257048527,60.61100777823866,122.88888888888889,162.58333333333334
0.0221,3438,4030,81.47745124152667,57.843131372056405,117.35714285714286,162.625
0.0221,3428,4032,78.66820883509685,58.472027453537294,116.39285714285714,177.04545454545453
0.0221,3362,4026,80.70574895967408,62.35936109947613,114.75,169.08695652173913
0.0221,3228,4028,78.06883379256462,58.72917795207527,109.64285714285714,169.30434782608697
0.0221,3398,4029,83.17557870511027,56.96204438872589,118.88888888888889,177.13636363636363
0.0221,3425,4028,82.64108643273178,60.836453133818836,116.96428571428571,176.5
0.0221,3425,4030,77.29785721478129,62.29971630104116,120.88888888888889,169.04347826086956
0.0221,3448,4029,81.96493083158735,60.63716264267085,121.4074074074074,168.82608695652175
0.0237,3385,4030,80.37501852493041,59.116765702536874,114.60714285714286,169.17391304347825
0.0237,3422,4035,78.6825373627777,59.55978651882524,116.10714285714286,169.34782608695653
0.0237,3436,4030,80.26484898844605,62.02014707475128,116.53571428571429,169.2173913043478
0.0237,3395,4029,78.4389063508801,56.94106284353474,115.03571428571429,169.1304347826087
0.0237,3517,4023,80.14867895670923,58.513666230819055,122.81481481481481,176.04545454545453
0.0237,3426,4033,83.25488584853801,58.4670047306836,115.82142857142857,169.17391304347825
0.0237,3448,4021,81.81638970570481,59.495879171369516,120.22222222222223,168.69565217391303
0.0237,3437,4026,76.24883483832909,58.93995962337217,116.71428571428571,176.27272727272728
0.0237,3403,4030,85.80998302713573,58.05085631913399,119.03703703703704,169.2608695652174
0.0237,3360,4028,80.73675231133845,60.57320928676908,114.32142857142857,168.7391304347826
0.0237,3454,4029,82.99876018844301,57.82360189698126,117.75,176.3181818181818
0.0237,3494,4026,79.82988828176914,58.016651046346055,122.88888888888889,168.95652173913044
0.0237,3466,4034,83.46584589281125,63.32783378257913,121.37037037037037,162.45833333333334
0.0237,3432,4031,79.61382660751937,58.192265456909105,117.28571428571429,176.45454545454547
0.0237,3477,4027,80.6909935566312,56.65620435932561,121.51851851851852,176.04545454545453
0.0237,3476,4026,77.95954520335894,59.06703617924211,121.70370370370371,161.875
0.0237,3406,4025,78.41861736756483,58.623346084631216,115.78571428571429,168.56521739130434
0.0237,3408,4034,81.36042790935238,57.69025361452823,119.22222222222223,169.2608695652174
0.0237,3451,4029,78.61073219870602,58.94082279186263,117.28571428571429,169.04347826086956
0.0237,3499,4027,79.26451483023142,60.35819275349128,119.25,169.17391304347825
0.0253,3474,4034,79.32381996073929,58.1772089891911,118.10714285714286,168.34782608695653
0.0253,3481,4032,76.41025228059131,57.62409683850681,122.4074074074074,169.2173913043478
0.0253,3466,4031,82.45695955013619,56.75970800523946,118.21428571428571,176.45454545454547
0.0253,3449,4033,79.03072376587934,57.25084511945677,120.77777777777777,169.2608695652174
0.0253,3468,4028,78.82524671293281,58.06410360722763,118.03571428571429,169.04347826086956
0.0253,3478,4032,75.0944664536768,60.25845522674224,121.5925925925926,169.1304347826087
0.0253,3448,4034,80.47821452600773,58.660304298876575,119.92592592592592,168.82608695652175
0.0253,3468,4031,79.55808776969971,57.59777110140599,121.44444444444444,176.22727272727272
0.0253,3450,4030,76.77228682434915,61.96782397923793,121.03703703703704,161.54166666666666
0.0253,3361,4032,78.17858271331025,58.77989430254287,113.46428571428571,176.22727272727272
0.0253,3438,4035,82.46875289927655,56.17844853335073,119.74074074074075,176.86363636363637
0.0253,3459,4034,80.63527563830833,58.2166445430875,117.75,168.7826086956522
0.0253,3482,4027,75.58540204827133,59.14706481668429,121.29629629629629,168.7826086956522
0.0253,3363,4029,83.24050611731482,57.15157368287796,113.60714285714286,176.3181818181818
0.0253,3456,4030,79.93829702475115,59.92526458497588,117.57142857142857,169.08695652173913
0.0253,3452,4030,78.33697968324124,56.49549112370848,116.89285714285714,176.4090909090909
0.0253,3466,4029,80.47537963482598,59.234423124104566,117.82142857142857,175.6818181818182
0.0253,3375,4032,79.13714335864525,56.95569496431044,114.89285714285714,162.16666666666666
0.0253,3441,4032,78.69892062308863,60.05880961984415,117.28571428571429,168.69565217391303
0.0253,3437,4028,79.83392450526216,59.779131534752324,117.03571428571429,168.6086956521739
0.0268,3395,4035,77.321682150091,58.50460181859607,115.14285714285714,162.0
0.0268,3403,4029,86.0718690768854,58.19836597226674,118.74074074074075,168.56521739130434
0.0268,3517,4031,79.13413670785215,60.18602125338076,122.22222222222223,176.13636363636363
0.0268,3404,4027,76.07461905545016,58.72096768666779,119.03703703703704,175.72727272727272
0.0268,3526,4030,81.46076674264224,59.80928968319505,123.55555555555556,168.69565217391303
0.0268,3443,4033,81.49770898985206,57.023583706794774,116.71428571428571,168.7826086956522
0.0268,3490,4028,83.47988615913587,57.40846995593595,122.14814814814815,176.04545454545453
0.0268,3453,4029,78.14573667537812,58.7083335253195,117.14285714285714,168.69565217391303
0.0268,3441,4034,77.37085920700174,57.16660162079279,116.82142857142857,175.77272727272728
0.0268,3424,4026,79.12238849282937,57.22581267925078,115.39285714285714,168.52173913043478
0.0268,3387,4031,76.37402961731239,57.803069018044845,114.53571428571429,176.0909090909091
0.0268,3417,4030,79.28668929557166,58.924549428039896,119.44444444444444,168.47826086956522
0.0268,3446,4024,73.87484798488929,60.028678933283274,120.22222222222223,161.29166666666666
0.0268,3400,4024,79.89028674308875,59.94593708723219,119.29629629629629,168.34782608695653
0.0268,3509,4031,77.4813590632646,59.16361871508492,119.10714285714286,168.7826086956522
0.0268,3424,4029,78.11592546323364,59.27663015030606,116.28571428571429,176.0
0.0268,3396,4026,81.90906170164794,57.613574018764766,118.25925925925925,161.70833333333334
0.0268,3438,4035,72.66092241951189,61.013340485629534,119.70370370370371,183.8095238095238
0.0268,3452,4030,74.68558752050278,61.653490166555095,120.74074074074075,168.6086956521739
0.0268,3419,4030,78.97232834010619,59.20139855718632,116.32142857142857,168.7391304347826
0.0284,3453,4023,84.20491111577796,59.517723192787024,116.78571428571429,167.95652173913044
0.0284,3459,4027,78.72518622609405,58.37293783528239,117.60714285714286,175.4090909090909
0.0284,3445,4028,75.50450005361444,57.020064523913746,119.77777777777777,168.34782608695653
0.0284,3513,4032,75.40220516300937,57.73299560530877,119.0,161.625
0.0284,3368,4029,75.32949863172902,55.063165102208735,117.37037037037037,168.52173913043478
0.0284,3467,4032,73.58750620207745,60.859201700816264,117.60714285714286,175.3181818181818
0.0284,3474,4032,76.69885320835594,56.85734435742089,120.88888888888889,168.34782608695653
0.0284,3440,4034,75.22012304648099,58.49135227815691,119.85185185185185,168.65217391304347
0.0284,3438,4031,76.36982929184123,57.553493963697235,119.37037037037037,183.71428571428572
0.0284,3417,4029,78.62305571979496,56.93601470704317,115.92857142857143,175.63636363636363
0.0284,3447,4028,77.9283259510991,56.736337017658755,120.03703703703704,175.8181818181818
0.0284,3413,4030,77.2149258951272,60.800336777986686,118.62962962962963,175.6818181818182
0.0284,3361,4026,77.05088997851465,59.115355979787694,113.64285714285714,168.08695652173913
0.0284,3499,4024,80.81533673508696,57.85738052266978,122.0,168.08695652173913
0.0284,3484,4031,77.44569114281843,59.004590725243965,118.10714285714286,168.2173913043478
0.0284,3489,4029,72.90817294479041,56.08390382772035,121.66666666666667,175.95454545454547
0.0284,3473,4030,75.77349036776893,60.28951665797224,120.92592592592592,168.30434782608697
0.0284,3469,4030,77.49634381643621,59.07629991425834,117.42857142857143,168.43478260869566
0.0284,3430,4024,76.82936500552967,57.405375506659674,116.0,167.65217391304347
0.0284,3431,4033,74.11943854781705,58.17371539276844,116.07142857142857,175.8181818181818
0.03,3495,4035,76.0779111600659,56.4373822525122,120.74074074074075,175.86363636363637
0.03,3483,4034,75.10030767633313,55.89522793293124,117.53571428571429,168.47826086956522
0.03,3442,4024,78.91629171099957,59.09623548632233,119.85185185185185,174.86363636363637
0.03,3465,4033,76.06926311930081,56.65244814241087,120.37037037037037,168.30434782608697
0.03,3446,4028,75.55176871566408,56.97050274872572,116.17857142857143,175.1818181818182
0.03,3448,4030,80.27491369991338,56.57395614710158,116.89285714285714,167.65217391304347
0.03,3444,4032,77.61755983383571,56.46340877530736,116.25,175.5
0.03,3492,4032,76.2183226247612,59.384034632609634,118.17857142857143,175.45454545454547
0.03,3492,4028,77.878089950782,59.28221515591825,122.25925925925925,175.3181818181818
0.03,3441,4032,77.78715362698661,56.543311709085074,116.17857142857143,167.95652173913044
0.03,3466,4035,76.01492698848315,55.84838514929239,120.5925925925926,175.27272727272728
0.03,3473,4033,77.251736578767,56.27244368877778,121.14814814814815,161.70833333333334
0.03,3379,4031,79.59166365082882,56.31749376181953,114.0,175.3181818181818
0.03,3511,4032,76.42556090895658,57.71764751825144,122.62962962962963,175.27272727272728
0.03,3531,4030,76.41879577816619,59.269627536693385,123.33333333333333,175.0
0.03,3448,4028,81.23679515861934,54.52594000990884,116.57142857142857,175.27272727272728
0.03,3468,4035,77.64754462996845,57.602137163283246,120.85185185185185,168.2173913043478
0.03,3403,4031,75.52230015292966,58.40855395557328,114.82142857142857,168.1304347826087
0.03,3461,4036,78.78855675965579,56.137848634799504,120.33333333333333,175.5909090909091
0.03,3518,4029,75.59471937033832,56.21535024565212,119.32142857142857,167.91304347826087
